repository	createdAt	name	description	language	category	articles	authors	readers	likes	hates	pass	daily_voting
minne100/zela_	2025-11-17T12:38:13.103Z	泽拉	啊啊啊啊啊啊	zh-CN	外星	0	0	0	0	0	0	0
minne100/zelaxingqiu	2025-11-17T13:40:07.927Z	泽拉星球	aaa啊啊啊	zh-CN	外星	0	0	0	0	0	0	0
minne100/zela_planet	2025-11-17T13:58:51.575Z	泽拉星球	有趣的故事	zh-CN	外星	0	0	0	0	0	0	0
minne100/zela_1	2025-11-17T14:08:57.980Z	泽拉	呜呜呜呜	zh-CN	外星	0	0	0	0	0	0	0
minne100/zela_2	2025-11-17T14:16:23.979Z	泽拉星球	停停停	zh-CN	外星	0	0	0	0	0	0	0
minne100/zela_ceshi_	2025-11-18T05:06:12.686Z	泽拉测试	测试	zh-CN	测试	0	0	0	0	0	0	0
minne100/zelatest1	2025-11-18T05:14:35.650Z	泽拉测试1	cs	zh-CN	测试	0	0	0	0	0	0	0
minne100/test2	2025-11-18T06:00:31.341Z	泽拉测试2	jjj	zh-CN	测试	0	0	0	0	0	0	0
minne100/test3	2025-11-18T06:15:56.886Z	泽拉测试3	aaa	zh-CN	测试	0	0	0	0	0	0	0
